<keymap version="1" name="macOS copy 1" parent="Mac OS X 10.5+">
  <action id="CloseContent" />
  <action id="CodeFloatingToolbar.GotoPrevMenu" />
  <action id="CommentByBlockComment" />
  <action id="CommentByLineComment">
    <keyboard-shortcut first-keystroke="meta slash" />
    <keyboard-shortcut first-keystroke="meta divide" />
    <keyboard-shortcut first-keystroke="shift tab" />
  </action>
  <action id="EditorSelectWord">
    <keyboard-shortcut first-keystroke="meta w" />
  </action>
  <action id="EditorUnindentSelection" />
  <action id="GotoFile">
    <keyboard-shortcut first-keystroke="shift meta o" />
    <keyboard-shortcut first-keystroke="shift meta n" />
  </action>
  <action id="Images.Thumbnails.Hide" />
  <action id="NewScratchFile" />
  <action id="NewTypeScriptFile">
    <keyboard-shortcut first-keystroke="shift ctrl n" />
  </action>
  <action id="NextSplitter" />
  <action id="PrevParameter" />
  <action id="PreviousTemplateVariable" />
  <action id="ReformatCode">
    <keyboard-shortcut first-keystroke="meta alt l" />
    <keyboard-shortcut first-keystroke="ctrl meta l" />
  </action>
  <action id="ReformatWithPrettierAction">
    <keyboard-shortcut first-keystroke="shift meta alt p" />
    <keyboard-shortcut first-keystroke="ctrl meta l" />
  </action>
  <action id="SearchEverywhere.PrevTab" />
  <action id="ShowReformatFileDialog">
    <keyboard-shortcut first-keystroke="shift meta alt l" />
    <keyboard-shortcut first-keystroke="ctrl meta l" />
  </action>
  <action id="SplitChooser.PreviousWindow" />
  <action id="Switcher">
    <keyboard-shortcut first-keystroke="alt tab" />
    <keyboard-shortcut first-keystroke="ctrl tab" />
  </action>
  <action id="Terminal.CloseTab" />
  <action id="Terminal.NextSplitter" />
</keymap>