<application>
  <component name="ParameterNameHintsSettings">
    <blacklists>
      <blacklist language="JavaScript">
        <added pattern="module:&quot;.&quot;.useActionState(action,initialState,permalink)" />
      </blacklist>
    </blacklists>
    <option id="js.only.show.names.for.tagged" value="false" />
    <option id="vuejs.show.names.for.filters" value="false" />
    <option id="js.only.show.names.for.pipes" value="false" />
    <option id="js.param.hints.show.names.for.tagged" value="false" />
    <option id="angular.show.names.for.pipes" value="false" />
    <disabledLanguages>
      <language id="TypeScript" />
      <language id="Angular2Html" />
      <language id="JavaScript" />
      <language id="Vue" />
    </disabledLanguages>
  </component>
</application>