<application>
  <component name="Trusted.Paths">
    <option name="TRUSTED_PROJECT_PATHS">
      <map>
        <entry key="$USER_HOME$/Documents/Cartier/gestion-confie-front" value="true" />
        <entry key="$USER_HOME$/Documents/Cartier/react-vite-ts-template" value="true" />
        <entry key="$USER_HOME$/Documents/Cartier/test-au-porter-api-client-ts" value="true" />
        <entry key="$USER_HOME$/Documents/Cartier/test-au-porter-front" value="true" />
        <entry key="$USER_HOME$/Documents/Cartier/test-au-porter-mobile" value="true" />
        <entry key="$USER_HOME$/Documents/Perso/ReactTips" value="true" />
        <entry key="$USER_HOME$/Documents/Perso/sandbox-react" value="true" />
        <entry key="$USER_HOME$/Documents/Perso/tanstack-start-sandbox" value="true" />
        <entry key="$USER_HOME$/Documents/Takima/vigie-risc-frontend" value="true" />
      </map>
    </option>
  </component>
  <component name="Trusted.Paths.Settings">
    <option name="TRUSTED_PATHS">
      <list>
        <option value="$USER_HOME$/Documents/Perso" />
        <option value="$USER_HOME$/Documents/Cartier" />
        <option value="$USER_HOME$/Documents/Takima" />
      </list>
    </option>
  </component>
</application>