<application>
  <component name="DimensionService">
    <location key="find.popup.0.0.2940.1912@192dpi" x="998" y="244" />
    <size key="GridCell.Tab.0.left.0.0.2940.1912@192dpi" width="2776" height="546" />
    <size key="GridCell.Tab.0.center.0.0.2940.1912@192dpi" width="2776" height="546" />
    <size key="GridCell.Tab.0.right.0.0.2940.1912@192dpi" width="2776" height="546" />
    <size key="GridCell.Tab.0.bottom.0.0.2940.1912@192dpi" width="2776" height="546" />
    <size key="find.popup.0.0.2940.1912@192dpi" width="1182" height="1112" />
    <size key="GridCell.Tab.1.left.0.0.2940.1912@192dpi" width="2776" height="562" />
    <size key="GridCell.Tab.1.center.0.0.2940.1912@192dpi" width="2776" height="562" />
    <size key="GridCell.Tab.1.right.0.0.2940.1912@192dpi" width="2776" height="562" />
    <size key="GridCell.Tab.1.bottom.0.0.2940.1912@192dpi" width="2776" height="562" />
    <size key="GridCell.Tab.2.left.0.0.2940.1912@192dpi" width="2776" height="562" />
    <size key="GridCell.Tab.2.center.0.0.2940.1912@192dpi" width="2776" height="562" />
    <size key="GridCell.Tab.2.right.0.0.2940.1912@192dpi" width="2776" height="562" />
    <size key="GridCell.Tab.2.bottom.0.0.2940.1912@192dpi" width="2776" height="562" />
    <size key="GridCell.Tab.3.left.0.0.2940.1912@192dpi" width="2776" height="562" />
    <size key="GridCell.Tab.3.center.0.0.2940.1912@192dpi" width="2776" height="562" />
    <size key="GridCell.Tab.3.right.0.0.2940.1912@192dpi" width="2776" height="562" />
    <size key="GridCell.Tab.3.bottom.0.0.2940.1912@192dpi" width="2776" height="562" />
  </component>
  <component name="WindowManager">
    <frame x="0" y="36" width="1470" height="920" fullScreen="true" />
  </component>
  <component name="WindowStateApplicationService">
    <state width="650" height="135" key="ShowUsagesActions.dimensionServiceKey" timestamp="1744644717904">
      <screen x="0" y="32" width="1470" height="924" />
    </state>
    <state width="1023" height="135" key="ShowUsagesActions.dimensionServiceKey/0.32.1470.853/-868.-1415.3440.1415" timestamp="1741690788418" />
    <state width="811" height="279" key="ShowUsagesActions.dimensionServiceKey/0.32.1470.853/-912.-1415.3440.1415" timestamp="1742306388836" />
    <state width="589" height="159" key="ShowUsagesActions.dimensionServiceKey/0.32.1470.862/-844.-1415.3440.1415" timestamp="1744292518081" />
    <state width="800" height="135" key="ShowUsagesActions.dimensionServiceKey/0.32.1470.862/-912.-1415.3440.1415" timestamp="1743498331652" />
    <state width="650" height="135" key="ShowUsagesActions.dimensionServiceKey/0.32.1470.924" timestamp="1744644717904" />
    <state width="462" height="111" key="ShowUsagesActions.dimensionServiceKey/0.32.1470.924/-844.-1415.3440.1415" timestamp="1744296130980" />
    <state width="969" height="183" key="ShowUsagesActions.dimensionServiceKey/0.32.1470.924/-868.-1415.3440.1415" timestamp="1741697993204" />
    <state width="705" height="135" key="ShowUsagesActions.dimensionServiceKey/0.32.1470.924/-912.-1415.3440.1415" timestamp="1743501098648" />
    <state x="735" y="440" width="800" height="717" key="WELCOME_SCREEN" timestamp="1744358353852">
      <screen x="0" y="37" width="1470" height="854" />
    </state>
    <state x="735" y="426" width="800" height="650" key="WELCOME_SCREEN/0.37.1470.842" timestamp="1741596008357" />
    <state x="735" y="437" width="800" height="707" key="WELCOME_SCREEN/0.37.1470.848" timestamp="1744106535734" />
    <state x="735" y="440" width="800" height="717" key="WELCOME_SCREEN/0.37.1470.854" timestamp="1744358353852" />
    <state x="735" y="459" width="800" height="714" key="WELCOME_SCREEN/0.37.1470.857" timestamp="1744105829160" />
    <state x="735" y="468" width="800" height="771" key="WELCOME_SCREEN/0.37.1470.919" timestamp="1744358032386" />
    <state width="300" height="524" key="manage.recent.projects.popup" timestamp="1740498407210">
      <screen x="0" y="37" width="1470" height="848" />
    </state>
    <state width="300" height="524" key="manage.recent.projects.popup/0.37.1470.848" timestamp="1740498407210" />
  </component>
</application>